{
    "error": 0.026301523861315016, 
    "crop": [
        11, 
        10, 
        2710, 
        2172
    ], 
    "distortion": [
        [
            -0.08494888865199221, 
            0.23650717521968492, 
            -0.0025638052036673444, 
            0.00021800105185653472, 
            -0.044538916907586684
        ]
    ], 
    "grid": {
        "rows": 7, 
        "spacing": 25.4, 
        "cols": 8
    }, 
    "time": "2016-04-25 18:56:05.282035", 
    "optimal": [
        [
            2811.609375, 
            0.0, 
            1339.7847529845312
        ], 
        [
            0.0, 
            2816.221923828125, 
            1089.1684931097916
        ], 
        [
            0.0, 
            0.0, 
            1.0
        ]
    ], 
    "intrinsic": [
        [
            2834.4874862787337, 
            0.0, 
            1339.5198412333095
        ], 
        [
            0.0, 
            2840.347599319259, 
            1093.2971237990857
        ], 
        [
            0.0, 
            0.0, 
            1.0
        ]
    ]
}