{
    "tcp2target": {
        "Tmatrix": [
            [
                0.9989799146161421, 
                -0.043489523063591926, 
                0.012156955919449718, 
                -198.31265316741406
            ], 
            [
                -0.04358539409611467, 
                -0.9990197570540491, 
                0.007735530825690006, 
                105.00734599842292
            ], 
            [
                0.01180862460291247, 
                -0.008257505638516644, 
                -0.9998961796034713, 
                -2.4741541670831597
            ], 
            [
                0.0, 
                0.0, 
                0.0, 
                1.0
            ]
        ], 
        "xyz-angle": [
            -198.31265316741406, 
            105.00734599842292, 
            -2.4741541670831597, 
            -3.132794761900766, 
            0.068232854110986, 
            -0.018779690096841394
        ]
    }, 
    "minimization": {
        "Number of executions of error function": 85899, 
        "Number of minimization failures": 5, 
        "Number of iterations": 61, 
        "best result": {
            "message": "Optimization terminated successfully.", 
            "success": "True", 
            "error": 4.3683870802626519
        }, 
        "terminated for": [
            "success condition satisfied"
        ], 
        "method": "SLSQP"
    }, 
    "cam2robot": {
        "Tmatrix": [
            [
                -0.6978257950240192, 
                0.7158496076683665, 
                -0.024464239210353345, 
                137.9775888753102
            ], 
            [
                0.020625610414080675, 
                -0.014058167712581726, 
                -0.9996884275191003, 
                750.7407146494538
            ], 
            [
                -0.715970491007934, 
                -0.6981129615768573, 
                -0.004954683062227017, 
                1475.7849098729907
            ], 
            [
                0.0, 
                0.0, 
                0.0, 
                1.0
            ]
        ], 
        "xyz-angle": [
            137.9775888753102, 
            750.7407146494538, 
            1475.7849098729907, 
            0.7651778735879998, 
            1.7545369006397147, 
            -1.7639698183812653
        ]
    }, 
    "time": "2016-06-01 12:24:46.587284"
}