{
    "tcp2target": {
        "Tmatrix": [
            [
                0.3551913897674813, 
                -0.7409004276215496, 
                0.570004941193715, 
                -186.16351075105095
            ], 
            [
                0.5597394380075886, 
                -0.3197990634481685, 
                -0.7644738848100852, 
                111.40812077222745
            ], 
            [
                0.7486860745158778, 
                0.5905887870319579, 
                0.30112131518397456, 
                -58.09835250731454
            ], 
            [
                0.0, 
                0.0, 
                0.0, 
                1.0
            ]
        ], 
        "xyz-angle": [
            -186.16351075105095, 
            111.40812077222745, 
            -58.09835250731454, 
            -3.141592653589793, 
            0.4142563642587294, 
            -3.0154182029617758
        ]
    }, 
    "cam2robot": {
        "Tmatrix": [
            [
                -0.7029337315332365, 
                0.7105475796565717, 
                -0.03172232836580374, 
                156.68710453272556
            ], 
            [
                0.034376212405430095, 
                -0.01060814821345013, 
                -0.9993526620828797, 
                749.2227584292499
            ], 
            [
                -0.710424130427322, 
                -0.7035691893734897, 
                -0.016969109314100672, 
                1443.190507278824
            ], 
            [
                0.0, 
                0.0, 
                0.0, 
                1.0
            ]
        ], 
        "xyz-angle": [
            156.68710453272556, 
            749.2227584292499, 
            1443.190507278824, 
            -1.0816781291015136, 
            -2.482007830752009, 
            2.4727540480222654
        ]
    }, 
    "time": "2016-05-24 11:22:08.385101"
}