{
    "tcp2target": {
        "Tmatrix": [
            [
                0.9982785884645561, 
                -0.05861627069301563, 
                -0.0019981549631834525, 
                -197.33313960677134
            ], 
            [
                -0.05861351260349591, 
                -0.9982797514866284, 
                0.0014120595155084328, 
                112.55702313650215
            ], 
            [
                -0.0020774873028742407, 
                -0.0012925098988514118, 
                -0.9999970067278541, 
                6.915334161428141
            ], 
            [
                0.0, 
                0.0, 
                0.0, 
                1.0
            ]
        ], 
        "xyz-angle": [
            -197.33313960677134, 
            112.55702313650215, 
            6.915334161428141, 
            3.141592653589793, 
            -0.09215141391505448, 
            -0.003203760911842863
        ]
    }, 
    "cam2robot": {
        "Tmatrix": [
            [
                -0.7026495077748702, 
                0.7110621864929452, 
                -0.025966057914222462, 
                155.70946834461276
            ], 
            [
                0.02894553506125347, 
                -0.00789776458521052, 
                -0.9995497893124553, 
                746.7507364850695
            ], 
            [
                -0.7109471325096898, 
                -0.7030847688966305, 
                -0.015032715051543688, 
                1472.5342853221366
            ], 
            [
                0.0, 
                0.0, 
                0.0, 
                1.0
            ]
        ], 
        "xyz-angle": [
            155.70946834461276, 
            746.7507364850695, 
            1472.5342853221366, 
            -1.0765324133285716, 
            -2.487323220406798, 
            2.4769218436205303
        ]
    }, 
    "time": "2016-05-24 17:02:00.697789"
}