{
    "tcp2target": {
        "Tmatrix": [
            [
                -0.9196857452719156, 
                -0.38170264124136216, 
                0.09209355902021069, 
                -188.96498732059098
            ], 
            [
                -0.2474475327046986, 
                0.38130375299864716, 
                -0.8907172202823432, 
                66.01252833026021
            ], 
            [
                0.3048734958995257, 
                -0.8419682545194416, 
                -0.4451310030535808, 
                24.90839779949796
            ], 
            [
                0.0, 
                0.0, 
                0.0, 
                1.0
            ]
        ], 
        "xyz-angle": [
            -188.96498732059098, 
            66.01252833026021, 
            24.90839779949796, 
            -0.6220426317637482, 
            2.7150974354343966, 
            -1.713111237027053
        ]
    }, 
    "cam2robot": {
        "Tmatrix": [
            [
                -0.8249013159538282, 
                -0.5135718489210804, 
                0.23618165664044594, 
                1207.40359569181
            ], 
            [
                -0.5532322620769735, 
                0.8192705470693254, 
                -0.1507641698213601, 
                -1818.582360912699
            ], 
            [
                -0.11606844159734997, 
                -0.2550288742486073, 
                -0.9599418681173619, 
                2899.4286240385127
            ], 
            [
                0.0, 
                0.0, 
                0.0, 
                1.0
            ]
        ], 
        "xyz-angle": [
            1207.40359569181, 
            -1818.582360912699, 
            2899.4286240385127, 
            -0.8340738224666361, 
            2.8178527672943545, 
            -0.3172666395906186
        ]
    }, 
    "time": "2016-05-24 13:45:14.731321"
}