{
    "tcp2target": {
        "Tmatrix": [
            [
                0.998257732287057, 
                -0.0589735382957032, 
                -0.0019030790806198912, 
                -197.3344489648684
            ], 
            [
                -0.05897087600034854, 
                -0.9982586850256033, 
                0.001426027596108923, 
                112.56035009446212
            ], 
            [
                -0.001983863113569206, 
                -0.0013113168337883642, 
                -0.9999971723636563, 
                6.915917803564976
            ], 
            [
                0.0, 
                0.0, 
                0.0, 
                1.0
            ]
        ], 
        "xyz-angle": [
            -197.3344489648684, 
            112.56035009446212, 
            6.915917803564976, 
            3.141592653589793, 
            -0.09271413625155148, 
            -0.0030554604077254396
        ]
    }, 
    "cam2robot": {
        "Tmatrix": [
            [
                -0.7026508149625967, 
                0.7110610251040703, 
                -0.02596248852377514, 
                155.7103384562541
            ], 
            [
                0.0289592650759134, 
                -0.007879129952064079, 
                -0.9995495386810305, 
                746.7438648638388
            ], 
            [
                -0.7109452814377921, 
                -0.7030861525369039, 
                -0.015055527629126098, 
                1471.1583520304885
            ], 
            [
                0.0, 
                0.0, 
                0.0, 
                1.0
            ]
        ], 
        "xyz-angle": [
            155.7103384562541, 
            746.7438648638388, 
            1471.1583520304885, 
            -1.076534854866772, 
            -2.4873488127718892, 
            2.476887040881657
        ]
    }, 
    "time": "2016-05-24 18:02:53.973085"
}