{
	"tcp2robot": [
		[-708.9305842,11.77912982,0.03919824561,0.0001753294923,-0.0003483767779,-0.000173155107],
		[-708.8535836,335.7369881,-131.5955836,-0.1829833486,0.05194126276,0.08295451504],
		[-574.3019746,318.8833522,-288.656706,-0.07174827566,0.2859492594,-0.110566684],
		[-558.3012552,212.0074328,-187.8427164,-0.1380948707,-0.09965765833,0.06991413757],
		[-560.0008924,496.5849455,-447.1967788,-0.2585533951,-0.2752522712,0.1852219749],
		[-906.4562642,687.0319179,-368.8038224,-0.1859156774,-0.2044205907,0.009962318188],
		[-738.0098134,534.6029507,-101.3244552,0.02528571414,-0.1099559397,0.02972699863],
		[-719.4605119,617.0340985,-360.5670761,-0.3723482272,-0.0956461166,-0.2335054356],
		[-666.1397254,678.2216418,-450.8997493,0.1429964675,-0.353119816,-0.08875524556],
		[-743.7504731,689.3747045,-1047.465888,0.2732957558,-0.02076331266,0.1909518813],
		[-259.9694299,793.4904597,-1037.960163,0.3053443599,0.08297044128,0.01605897192],
		[-256.2889746,570.2503149,-747.9880045,-0.02879421376,0.005449198829,-0.3619520709],
		[-257.6985433,281.8706851,-716.2204582,0.1274149022,0.2149710348,0.3370881058],
		[-257.6892478,58.90752836,-376.2249657,0.4263514394,0.1851955202,0.09234482529],
		[-257.6638866,58.8872403,-51.27589104,0.1909105324,0.4854570937,-0.06503115741],
		[-117.8198896,-51.20322239,-173.9100522,-0.0589634597,-0.282779903,0.04906688833],
		[-117.8090569,128.0447323,-277.0844092,0.1443174535,-0.003767053715,-0.1904472189],
		[-56.37100896,253.9708388,-339.5793955,0.4148889227,0.1656651785,-0.1799405233],
		[-56.35970299,415.4427821,-589.3275866,0.2678118989,0.1058241297,-0.5673632515],
		[85.31161667,102.0966803,-145.4045636,-0.2204951835,0.09662087365,-0.04106142139],
		[85.23974627,-28.98175821,-24.21445522,0.0413936919,-0.1742024511,-0.02265142025],
		[220.7502388,69.73515522,-227.434794,0.07657122752,-0.1630579003,0.3896899039],
		[220.7404642,294.9795373,-227.4611075,0.2736817756,-0.4667907887,0.4098884453],
		[414.1995847,499.8613729,-364.6974424,-0.0661448564,-0.2923856864,0.01486023433],
		[537.4703776,203.4808776,-775.2461164,0.1389235369,0.02835892953,-0.3515287947],
		[537.4690045,-94.77024242,-582.8848924,0.1235892235,0.3506328721,-0.0732194998],
		[334.8490667,81.39864848,-348.7538712,0.04735569606,-0.1665057905,0.3262097195],
		[334.8332923,316.8794769,-128.1938246,-0.229964021,-0.4189162083,-0.09362153908],
		[298.1885806,316.8709254,-192.598209,0.1459937586,-0.09544956084,-0.1095412747]
	],
	"camera2grid": [
		[-529.210386,186.5533158,2153.604632,-0.1069260461,0.01159561256,-0.04812212491],
		[-532.7315821,-178.619806,2285.677045,-0.3051433973,-0.05134275259,-0.1369857363],
		[-338.3884627,-128.1319851,2446.971388,-0.1307661628,-0.3066937684,0.05675150107],
		[-391.4877463,-30.87604478,2349.653537,-0.2258400347,0.1006350725,-0.1157264526],
		[-439.7014091,-332.3673939,2625.79397,-0.3408433088,0.2813728487,-0.2299387472],
		[-818.6734478,-545.375403,2522.498507,-0.2603372154,0.2060709683,-0.05430727802],
		[-609.0617463,-362.3992388,2231.356433,-0.04707755511,0.1142042762,-0.07967639575],
		[-583.2412239,-511.5552687,2520.434179,-0.4573326681,0.1025431241,0.1915584927],
		[-585.4792239,-476.9364328,2595.935746,0.06755598374,0.3643082224,0.03540753463],
		[-622.8262388,-436.3165672,3218.370313,0.1447955869,0.01982709245,-0.2497756033],
		[-69.13683582,-587.5676119,3148.74403,0.2067401014,-0.09707187921,-0.07498784395],
		[-65.07961194,-380.4526418,2876.214493,-0.1238804722,-0.007075827316,0.3130422681],
		[10.73750746,-22.17973134,2901.490179,0.02594840192,-0.2278622905,-0.394445711],
		[0.4605522388,246.2903881,2536.94697,0.3575815408,-0.21410156,-0.1373050039],
		[41.10120896,170.4791493,2209.574552,0.1043676328,-0.4736030744,0.009421247257],
		[47.52826866,253.9284478,2358.593254,-0.1616804086,0.2929368842,-0.09102108085],
		[95.32389231,106.6971692,2442.718308,0.05399971494,-0.003601751643,0.1388190178],
		[187.1458358,23.86229851,2509.728179,0.3195836703,-0.1506021326,0.1252248666],
		[161.5139701,-171.8657761,2738.248209,0.1727344267,-0.1029243332,0.5138518237],
		[332.845303,48.95575758,2300.662424,-0.2938684288,-0.1115244272,-0.007071971767],
		[280.0587313,225.935209,2179.983313,-0.0548441191,0.1760853626,-0.02253665755],
		[439.8760448,159.2463134,2394.612925,-0.02847642136,0.1808916582,-0.4360040994],
		[395.6142985,-40.55276119,2393.725806,0.1894824983,0.5136187591,-0.4496378313],
		[612.9165763,-343.0212542,2507.438169,-0.1494287518,0.296617406,-0.05668852543],
		[790.3438806,34.63529851,2962.891597,0.01593947848,-0.001970695077,0.3097836377],
		[853.8710455,341.6783788,2794.07803,0.01964595329,-0.3361342069,0.02086179399],
		[559.4505909,144.9042273,2525.91903,-0.07907871953,0.1431138091,-0.3731570319],
		[500.5605077,-198.6068154,2302.931677,-0.2862236681,0.4148019503,0.0484204125],
		[515.7279552,-121.1338209,2328.794119,0.01849195863,0.1323105534,0.06859788058]
	],
	"time": "31-May-2016 15:52:39"
}
