{
    "camera2grid": [
        [
            151.48231455772967, 
            -45.84279051621655, 
            1140.7020382437486, 
            0.29133517243210144, 
            0.29669285049856636, 
            -1.555210582695845
        ]
    ], 
    "calibration": "result.json", 
    "grid": {
        "rows": 7, 
        "spacing": 25.4, 
        "cols": 8
    }, 
    "tcp2robot": [
        [
            0.153729588554069, 
            0.36785194956032446, 
            0.898024694368065, 
            -1.9105601255822304, 
            -0.7122081854735294, 
            -1.7149345420446338
        ]
    ], 
    "time": "2016-04-28 14:50:44.324290"
}