{
    "camera2grid": [
        [
            132.87380487390976, 
            175.67938699895234, 
            1938.648883246033, 
            -0.10405649035717314, 
            0.04475433685756688, 
            2.3629364429601667
        ], 
        [
            121.1415370974771, 
            -127.28827540851964, 
            2033.3315784912186, 
            -0.1710851629495111, 
            0.05890561217343044, 
            2.0690032751510237
        ], 
        [
            22.02826243460101, 
            71.0760841793582, 
            1604.1644614522595, 
            0.13792529804939713, 
            0.37554709340254994, 
            2.682126717989902
        ], 
        [
            -36.49386086039541, 
            187.3827427583076, 
            1414.5208445086873, 
            0.23901937774607868, 
            0.581209587327477, 
            2.3982789586611974
        ], 
        [
            -158.33692242424345, 
            104.86654841749198, 
            1447.5863323338676, 
            0.17612632412773294, 
            0.43733834148322576, 
            2.248041955291696
        ], 
        [
            -313.727532304302, 
            3.11613976222086, 
            1554.1506911694723, 
            0.25647463909171314, 
            -0.14933831644000886, 
            2.554185756809792
        ], 
        [
            -153.9236937552838, 
            -31.86529410044631, 
            2149.5867520478337, 
            0.5955906215600377, 
            -0.22500877610479159, 
            2.6698085307888553
        ], 
        [
            -392.1299365991936, 
            81.61738258902255, 
            1580.9210207708538, 
            -0.4002559989621876, 
            0.5502438332678768, 
            2.5136028864138367
        ], 
        [
            -457.31839514390964, 
            135.7732161598371, 
            1339.4829990529809, 
            -0.4610205638008606, 
            0.8647450218406396, 
            2.589370575742997
        ], 
        [
            -927.0744944432739, 
            -144.07067760035417, 
            2163.010552267698, 
            -0.4427541463727354, 
            -0.0426453870575751, 
            -3.0239946290910984
        ]
    ], 
    "calibration": "result.json", 
    "grid": {
        "rows": 8, 
        "spacing": 25.4, 
        "cols": 7
    }, 
    "tcp2robot": [
        [
            0.42895373242402185, 
            -0.23682534297985242, 
            0.3004875044113002, 
            0.970929371776581, 
            -1.7379650167042149, 
            2.080583950218627
        ], 
        [
            0.3601158897546916, 
            -0.14833644116169115, 
            0.5382930862439853, 
            0.7420898065679215, 
            -1.8463592855060815, 
            2.389627202082067
        ], 
        [
            0.44299129365254447, 
            -0.5034328988086908, 
            0.4689117828495088, 
            0.8017246879572566, 
            -1.2900317605649203, 
            1.906687636545911
        ], 
        [
            0.41104773026976493, 
            -0.649425424680623, 
            0.3034004573488786, 
            0.48056551988789337, 
            -1.389986285649801, 
            2.054734502531443
        ], 
        [
            0.2686791188888995, 
            -0.6808990247335602, 
            0.356780045887086, 
            0.4353991128253309, 
            -1.6124688163922936, 
            2.0917174697186796
        ], 
        [
            0.11111951109398878, 
            -0.6554105170266157, 
            0.5143078241514869, 
            0.8657302966580953, 
            -1.7216058344435146, 
            1.6684686941825628
        ], 
        [
            0.0998345748837605, 
            -0.043292116251697564, 
            0.5512862864322889, 
            0.9232867901186369, 
            -1.716985809483862, 
            1.3814468413141658
        ], 
        [
            -0.03797258733065362, 
            -0.5471103811644324, 
            0.4194331760572661, 
            1.0071177235774988, 
            -1.1886023902347034, 
            2.195106694143254
        ], 
        [
            -0.0803216375186348, 
            -0.6747748669907957, 
            0.3734662491019098, 
            0.9939145774770426, 
            -0.8494944481208434, 
            2.209143657551317
        ], 
        [
            -0.6200404686201797, 
            -0.06859355006213054, 
            0.6739887558221603, 
            0.9716631405970314, 
            -1.193023100364811, 
            1.1852246575159218
        ]
    ], 
    "time": "2016-03-23 16:50:08.319030"
}