{
    "camera2grid": [
        [
            200.0465970357921, 
            105.49575272648954, 
            1157.4967739179153, 
            0.034448282848125886, 
            0.3418047825430192, 
            -1.5336976044245745
        ]
    ], 
    "calibration": "result.json", 
    "grid": {
        "rows": 7, 
        "spacing": 25.4, 
        "cols": 8
    }, 
    "tcp2robot": [
        [
            0.15374602528694, 
            0.3678460346861447, 
            0.8980271223013654, 
            -1.9105771123667752, 
            -0.712171671176732, 
            -1.7149502755047918
        ]
    ], 
    "time": "2016-04-28 11:39:45.076154"
}