{
    "error": 0.022242521768257716, 
    "crop": [
        106, 
        123, 
        2240, 
        1801
    ], 
    "distortion": [
        [
            -0.3954032063765203, 
            0.20971494160750948, 
            0.0008056336338866635, 
            9.237725225524615e-05, 
            -0.06042030845477194
        ]
    ], 
    "grid": {
        "rows": 22, 
        "spacing": 50.8, 
        "cols": 23
    }, 
    "time": "2016-02-16 14:41:40.380581", 
    "optimal": [
        [
            2019.457763671875, 
            0.0, 
            1247.3966330711846
        ], 
        [
            0.0, 
            2012.1815185546875, 
            1015.0615647461018
        ], 
        [
            0.0, 
            0.0, 
            1.0
        ]
    ], 
    "intrinsic": [
        [
            2462.345193638386, 
            0.0, 
            1242.6269086495981
        ], 
        [
            0.0, 
            2463.6133832534606, 
            1014.3609261368764
        ], 
        [
            0.0, 
            0.0, 
            1.0
        ]
    ]
}