{
    "tcp2target": {
        "Tmatrix": [
            [
                0.9995256444429748, 
                0.027786319577553235, 
                0.013281812571724453, 
                -17.380183776761072
            ], 
            [
                0.028981390901623116, 
                -0.9945253497325266, 
                -0.10039625351975548, 
                12.257229061774805
            ], 
            [
                0.010419456908287151, 
                0.10073355540101708, 
                -0.9948588772956728, 
                203.32918611484953
            ], 
            [
                0.0, 
                0.0, 
                0.0, 
                1.0
            ]
        ], 
        "xyz-angle": [
            -17.380183776761072, 
            12.257229061774805, 
            203.32918611484953, 
            3.0404838980120545, 
            0.04327029569492071, 
            0.018065920398908815
        ]
    }, 
    "minimization": {
        "Number of executions of error function": 150405, 
        "Number of minimization failures": 1, 
        "Number of iterations": 99, 
        "best result": {
            "message": "Optimization terminated successfully.", 
            "success": "True", 
            "error": 10.37672185174142
        }, 
        "terminated for": [
            "success condition satisfied"
        ], 
        "method": "SLSQP"
    }, 
    "cam2robot": {
        "Tmatrix": [
            [
                0.9996576432702198, 
                -0.024090575294293686, 
                0.010209820440111232, 
                232.08096867669906
            ], 
            [
                -0.02421117868329099, 
                -0.9996365342853476, 
                0.011858252347833014, 
                205.83354837559247
            ], 
            [
                0.009920437399384288, 
                -0.012101384382338156, 
                -0.9998775632135346, 
                2359.0324544488885
            ], 
            [
                0.0, 
                0.0, 
                0.0, 
                1.0
            ]
        ], 
        "xyz-angle": [
            232.08096867669906, 
            205.83354837559247, 
            2359.0324544488885, 
            -3.1293436411025586, 
            0.03779602289217663, 
            -0.01575188525203607
        ]
    }, 
    "time": "2016-05-31 17:15:56.350893"
}